{"cameraMode":{"drawMode":0,"name":"Shaded","section":"Shading Mode"},"sceneLighting":true,"audioPlay":false,"sceneViewState":{"m_AlwaysRefresh":false,"showFog":true,"showSkybox":true,"showFlares":true,"showImageEffects":true,"showParticleSystems":true,"showVisualEffectGraphs":true,"m_FxEnabled":true},"in2DMode":false,"pivot":{"x":0.05900120735168457,"y":0.2433619499206543,"z":1.7267115116119385},"rotation":{"x":0.15830329060554505,"y":-0.08696667104959488,"z":0.01399785466492176,"w":0.9834566116333008},"size":6.152246952056885,"orthographic":true}