{"cameraMode":{"drawMode":0,"name":"Shaded","section":"Shading Mode"},"sceneLighting":false,"audioPlay":false,"sceneViewState":{"m_AlwaysRefresh":false,"showFog":true,"showSkybox":false,"showFlares":true,"showImageEffects":true,"showParticleSystems":true,"showVisualEffectGraphs":true,"m_FxEnabled":true},"in2DMode":false,"pivot":{"x":-0.0007355213165283203,"y":0.9281716346740723,"z":5.360583782196045},"rotation":{"x":0.15830329060554505,"y":-0.08696667104959488,"z":0.01399785466492176,"w":0.9834566116333008},"size":1.401051640510559,"orthographic":true}