{"cameraMode":{"drawMode":0,"name":"Shaded","section":"Shading Mode"},"sceneLighting":false,"audioPlay":false,"sceneViewState":{"m_AlwaysRefresh":false,"showFog":true,"showSkybox":false,"showFlares":true,"showImageEffects":true,"showParticleSystems":true,"showVisualEffectGraphs":true,"m_FxEnabled":true},"in2DMode":false,"pivot":{"x":0.12368232011795044,"y":1.3571312427520753,"z":0.33263593912124636},"rotation":{"x":-0.053937651216983798,"y":0.9046224355697632,"z":-0.12039364874362946,"w":-0.4052818715572357},"size":0.676673948764801,"orthographic":false}