{"cameraMode":{"drawMode":0,"name":"Shaded","section":"Shading Mode"},"sceneLighting":false,"audioPlay":false,"sceneViewState":{"m_AlwaysRefresh":false,"showFog":true,"showSkybox":false,"showFlares":true,"showImageEffects":true,"showParticleSystems":true,"showVisualEffectGraphs":true,"m_FxEnabled":true},"in2DMode":false,"pivot":{"x":-0.0007352828979492188,"y":0.8968212604522705,"z":5.365291595458984},"rotation":{"x":-0.30261364579200747,"y":0.27140581607818606,"z":-0.09033570438623429,"w":-0.9091771841049194},"size":1.3709913492202759,"orthographic":false}